inchikey	inchi	smiles	atom_bag	charge
GPRLSGONYQIRFK-UHFFFAOYSA-N	InChI=1S/p+1	[H+]	"{""H"": 1, ""e-"": 0}"	1
QXUAMGWCVYZOLV-UHFFFAOYSA-N	InChI=1S/B/q-3	[BH2-3]	"{""B"": 1, ""H"": 2, ""e-"": 10}"	-3
ZZIJOQHRUPVPQC-UHFFFAOYSA-N	InChI=1S/H2/h1H/q+1	[HH+]	"{""H"": 2, ""e-"": 1}"	1
KLGZELKXQMTEMM-UHFFFAOYSA-N	InChI=1S/H/q-1	[H-]	"{""H"": 1, ""e-"": 2}"	-1
MILUBEOXRNEUHS-UHFFFAOYSA-N	InChI=1S/Ir/q+3	[Ir+3]	"{""Ir"": 1, ""e-"": 74}"	3
BHPQYMZQTOCNFJ-UHFFFAOYSA-N	InChI=1S/Ca/q+2	[Ca+2]	"{""Ca"": 1, ""e-"": 18}"	2
SYRHIZPPCHMRIT-UHFFFAOYSA-N	InChI=1S/Sn/q+4	[Sn+4]	"{""Sn"": 1, ""e-"": 46}"	4
PWOSZCQLSAMRQW-UHFFFAOYSA-N	InChI=1S/Be/q+2	[Be+2]	"{""Be"": 1, ""e-"": 2}"	2
NCMHKCKGHRPLCM-UHFFFAOYSA-N	InChI=1S/Cs/q+1	[Cs+]	"{""Cs"": 1, ""e-"": 54}"	1
BQPIGGFYSBELGY-UHFFFAOYSA-N	InChI=1S/Hg/q+2	[Hg+2]	"{""Hg"": 1, ""e-"": 78}"	2
CKHJYUSOUQDYEN-UHFFFAOYSA-N	InChI=1S/Ga/q+3	[Ga+3]	"{""Ga"": 1, ""e-"": 28}"	3
ZBKIUFWVEIBQRT-UHFFFAOYSA-N	InChI=1S/Au/q+1	[Au+]	"{""Au"": 1, ""e-"": 78}"	1
NVSDADJBGGUCLP-UHFFFAOYSA-N	InChI=1S/S3/c1-3-2	S=S=S	"{""S"": 3, ""e-"": 48}"	0
FHNFHKCVQCLJFQ-UHFFFAOYSA-N	InChI=1S/Xe	[Xe]	"{""Xe"": 1, ""e-"": 54}"	0
GRTBAGCGDOYUBE-UHFFFAOYSA-N	InChI=1S/Y/q+3	[Y+3]	"{""Y"": 1, ""e-"": 36}"	3
JOPOVCBBYLSVDA-UHFFFAOYSA-N	InChI=1S/Cr/q+6	[Cr+6]	"{""Cr"": 1, ""e-"": 18}"	6
PWHULOQIROXLJO-UHFFFAOYSA-N	InChI=1S/Mn	[Mn]	"{""Mn"": 1, ""e-"": 25}"	0
WFKWXMTUELFFGS-UHFFFAOYSA-N	InChI=1S/W	[W]	"{""W"": 1, ""e-"": 74}"	0
WAEMQWOKJMHJLA-UHFFFAOYSA-N	InChI=1S/Mn/q+2	[Mn+2]	"{""Mn"": 1, ""e-"": 23}"	2
HBBGRARXTFLTSG-UHFFFAOYSA-N	InChI=1S/Li/q+1	[Li+]	"{""Li"": 1, ""e-"": 2}"	1
FKNQFGJONOIPTF-UHFFFAOYSA-N	InChI=1S/Na/q+1	[Na+]	"{""Na"": 1, ""e-"": 10}"	1
MMIPFLVOWGHZQD-UHFFFAOYSA-N	InChI=1S/Mn/q+3	[Mn+3]	"{""Mn"": 1, ""e-"": 22}"	3
QQINRWTZWGJFDB-UHFFFAOYSA-N	InChI=1S/Ac	[Ac]	"{""Ac"": 1, ""e-"": 89}"	0
QSHDDOUJBYECFT-UHFFFAOYSA-N	InChI=1S/Hg	[Hg]	"{""Hg"": 1, ""e-"": 80}"	0
XYDQMRVDDPZFMM-UHFFFAOYSA-N	InChI=1S/Ag/q+2	[Ag+2]	"{""Ag"": 1, ""e-"": 45}"	2
LBDSXVIYZYSRII-UHFFFAOYSA-N	InChI=1S/He/q+2	[He+2]	"{""He"": 1, ""e-"": 0}"	2
KVLCHQHEQROXGN-UHFFFAOYSA-N	InChI=1S/Al/q+1	[Al+]	"{""Al"": 1, ""e-"": 12}"	1
LXQXZNRPTYVCNG-UHFFFAOYSA-N	InChI=1S/Am	[Am]	"{""Am"": 1, ""e-"": 95}"	0
WATWJIUSRGPENY-UHFFFAOYSA-N	InChI=1S/Sb	[Sb]	"{""Sb"": 1, ""e-"": 51}"	0
FAWGZAFXDJGWBB-UHFFFAOYSA-N	InChI=1S/Sb/q+3	[Sb+3]	"{""Sb"": 1, ""e-"": 48}"	3
XJVBHCCEUWWHMI-UHFFFAOYSA-N	InChI=1S/Ar/q+1	[Ar+]	"{""Ar"": 1, ""e-"": 17}"	1
XKRFYHLGVUSROY-UHFFFAOYSA-N	InChI=1S/Ar	[Ar]	"{""Ar"": 1, ""e-"": 18}"	0
RQNWIZPPADIBDY-UHFFFAOYSA-N	InChI=1S/As	[As]	"{""As"": 1, ""e-"": 33}"	0
LULLIKNODDLMDQ-UHFFFAOYSA-N	InChI=1S/As/q+3	[As+3]	"{""As"": 1, ""e-"": 30}"	3
PLBIBGCHGHXZDD-UHFFFAOYSA-N	InChI=1S/Au/q-1	[Au-]	"{""Au"": 1, ""e-"": 80}"	-1
XDFCIPNJCBUZJN-UHFFFAOYSA-N	InChI=1S/Ba/q+2	[Ba+2]	"{""Ba"": 1, ""e-"": 54}"	2
DSAJWYNOEDNPEQ-UHFFFAOYSA-N	InChI=1S/Ba	[Ba]	"{""Ba"": 1, ""e-"": 56}"	0
NZMBEOVSCFWSKC-UHFFFAOYSA-N	InChI=1S/Ba/q+1	[Ba+]	"{""Ba"": 1, ""e-"": 55}"	1
PWVKJRSRVJTHTR-UHFFFAOYSA-N	InChI=1S/Bk	[Bk]	"{""Bk"": 1, ""e-"": 97}"	0
ATBAMAFKBVZNFJ-UHFFFAOYSA-N	InChI=1S/Be	[Be]	"{""Be"": 1, ""e-"": 4}"	0
FSZJGTOCGOQRRE-UHFFFAOYSA-N	InChI=1S/Be/q+1	[Be+]	"{""Be"": 1, ""e-"": 3}"	1
JCXGWMGPZLAOME-UHFFFAOYSA-N	InChI=1S/Bi	[Bi]	"{""Bi"": 1, ""e-"": 83}"	0
INOXRQQPOOCQPH-UHFFFAOYSA-N	InChI=1S/Bh	[Bh]	"{""Bh"": 1, ""e-"": 107}"	0
ZOXJGFHDIHLPTG-UHFFFAOYSA-N	InChI=1S/B	[B]	"{""B"": 1, ""e-"": 5}"	0
HYFJXBYGHMZZPQ-UHFFFAOYSA-N	InChI=1S/B/q+1	[B+]	"{""B"": 1, ""e-"": 4}"	1
FRWDHMWMHYXNLW-UHFFFAOYSA-N	InChI=1S/B/q+3	[B+3]	"{""B"": 1, ""e-"": 2}"	3
SOUPRKFYMHZDHZ-UHFFFAOYSA-N	InChI=1S/Br/q+1	[Br+]	"{""Br"": 1, ""e-"": 34}"	1
XMWRBQBLMFGWIX-UHFFFAOYSA-N	InChI=1S/C60/c1-2-5-6-3(1)8-12-10-4(1)9-11-7(2)17-21-13(5)23-24-14(6)22-18(8)28-20(12)30-26-16(10)15(9)25-29-19(11)27(17)37-41-31(21)33(23)43-44-34(24)32(22)42-38(28)48-40(30)46-36(26)35(25)45-39(29)47(37)55-49(41)51(43)57-52(44)50(42)56(48)59-54(46)53(45)58(55)60(57)59	c12c3c4c5c1c1c6c7c2c2c8c3c3c9c4c4c%10c5c5c1c1c6c6c%11c7c2c2c7c8c3c3c8c9c4c4c9c%10c5c5c1c1c6c6c%11c2c2c7c3c3c8c4c4c9c5c1c1c6c2c3c41	"{""C"": 60, ""e-"": 360}"	0
ATLMFJTZZPOKLC-UHFFFAOYSA-N	InChI=1S/C70/c1-2-22-5-6-24-13-14-26-11-9-23-4-3(21(1)51-52(22)54(24)55(26)53(23)51)33-31(1)61-35-7-8-27-15-16-29-19-20-30-18-17-28-12-10(25(7)56-57(27)59(29)60(30)58(28)56)37(35)63(33)65-36(4)40(9)67(44(17)42(12)65)69-46(11)47(14)70(50(20)49(18)69)68-43(13)39(6)66(45(16)48(19)68)64-34(5)32(2)62(61)38(8)41(15)64	c12c3c4c5c1c1c6c7c2c2c8c3c3c9c4c4c%10c5c5c1c1c6c6c%11c%12c%13c%14c%15c%16c%17c%14c%14c%18c%13c%11c1c1c5c%10c5c(c%14c%10c%17c%11c%13c%16c%14c%16c%15c%12c%12c%16c(c2c7c6%12)c2c8c3c(c%13c%142)c2c9c4c5c%10c%112)c%181	"{""C"": 70, ""e-"": 420}"	0
NFFJFSFVERDMBQ-UHFFFAOYSA-N	InChI=1S/Cs/q-1	[Cs-]	"{""Cs"": 1, ""e-"": 56}"	-1
TVFDJXOCXUVLDH-UHFFFAOYSA-N	InChI=1S/Cs	[Cs]	"{""Cs"": 1, ""e-"": 55}"	0
OYPRJOBELJOOCE-UHFFFAOYSA-N	InChI=1S/Ca	[Ca]	"{""Ca"": 1, ""e-"": 20}"	0
JDMNMMCDWTVNSP-UHFFFAOYSA-N	InChI=1S/Ca/q+1	[Ca+]	"{""Ca"": 1, ""e-"": 19}"	1
HGLDOAKPQXAFKI-UHFFFAOYSA-N	InChI=1S/Cf	[Cf]	"{""Cf"": 1, ""e-"": 98}"	0
OKTJSMMVPCPJKN-UHFFFAOYSA-N	InChI=1S/C	[C]	"{""C"": 1, ""e-"": 6}"	0
GKDCRJWYAGBLFY-UHFFFAOYSA-N	InChI=1S/C/q+1	[C+]	"{""C"": 1, ""e-"": 5}"	1
GWXLDORMOJMVQZ-UHFFFAOYSA-N	InChI=1S/Ce	[Ce]	"{""Ce"": 1, ""e-"": 58}"	0
XQTIWNLDFPPCIU-UHFFFAOYSA-N	InChI=1S/Ce/q+3	[Ce+3]	"{""Ce"": 1, ""e-"": 55}"	3
ITZXULOAYIAYNU-UHFFFAOYSA-N	InChI=1S/Ce/q+4	[Ce+4]	"{""Ce"": 1, ""e-"": 54}"	4
KVPIFZRDXDYGBA-UHFFFAOYSA-N	InChI=1S/Cl/q+1	[Cl+]	"{""Cl"": 1, ""e-"": 16}"	1
HAVSLMYESNIBIW-UHFFFAOYSA-N	InChI=1S/Cr/q-1	[Cr-]	"{""Cr"": 1, ""e-"": 25}"	-1
BFGKITSFLPAWGI-UHFFFAOYSA-N	InChI=1S/Cr/q+3	[Cr+3]	"{""Cr"": 1, ""e-"": 21}"	3
UZEDIBTVIIJELN-UHFFFAOYSA-N	InChI=1S/Cr/q+2	[Cr+2]	"{""Cr"": 1, ""e-"": 22}"	2
UUMMHAPECIIHJR-UHFFFAOYSA-N	InChI=1S/Cr/q+4	[Cr+4]	"{""Cr"": 1, ""e-"": 20}"	4
RKCWRYBOSIJRNH-UHFFFAOYSA-N	InChI=1S/Cr/q+5	[Cr+5]	"{""Cr"": 1, ""e-"": 19}"	5
JAWGVVJVYSANRY-UHFFFAOYSA-N	InChI=1S/Co/q+3	[Co+3]	"{""Co"": 1, ""e-"": 24}"	3
BFVNPAKTAJENJQ-UHFFFAOYSA-N	InChI=1S/Co/q+1	[Co+]	"{""Co"": 1, ""e-"": 26}"	1
XYNZKHQSHVOGHB-UHFFFAOYSA-N	InChI=1S/Cu/q+3	[Cu+3]	"{""Cu"": 1, ""e-"": 26}"	3
NIWWFAAXEMMFMS-UHFFFAOYSA-N	InChI=1S/Cm	[Cm]	"{""Cm"": 1, ""e-"": 96}"	0
ZBZYKQJVGNFPHH-UHFFFAOYSA-N	InChI=1S/As3/c1-2-3-1	[As]1=[As][As]1	"{""As"": 3, ""e-"": 99}"	0
JWMKWLJGSKAGLH-UHFFFAOYSA-N	InChI=1S/Se8/c1-2-4-6-8-7-5-3-1	[Se]1[Se][Se][Se][Se][Se][Se][Se]1	"{""Se"": 8, ""e-"": 272}"	0
JLQNHALFVCURHW-UHFFFAOYSA-N	InChI=1S/S8/c1-2-4-6-8-7-5-3-1	S1SSSSSSS1	"{""S"": 8, ""e-"": 128}"	0
DEVHCWHUQVZNMT-UHFFFAOYSA-N	InChI=1S/S5/c1-2-4-5-3-1	s1ssss1	"{""S"": 5, ""e-"": 80}"	0
NWWQJUISNMIVLJ-UHFFFAOYSA-N	InChI=1S/S4/c1-2-4-3-1	S1SSS1	"{""S"": 4, ""e-"": 64}"	0
NCBMSFCPDGXTHD-UHFFFAOYSA-N	InChI=1S/Ds	[Ds]	"{""Ds"": 1, ""e-"": 110}"	0
VYZAMTAEIAYCRO-UHFFFAOYSA-N	InChI=1S/Cr	[Cr]	"{""Cr"": 1, ""e-"": 24}"	0
GUTLYIVDDKVIGB-UHFFFAOYSA-N	InChI=1S/Co	[Co]	"{""Co"": 1, ""e-"": 27}"	0
FFCZHQLUEDCQKI-UHFFFAOYSA-N	InChI=1S/As2/c1-2	[As]#[As]	"{""As"": 2, ""e-"": 66}"	0
IIVCFMLFAMWTJV-UHFFFAOYSA-N	InChI=1S/As2/c1-2/q+1	[As]#[As]	"{""As"": 2, ""e-"": 66}"	0
BSXAZQBJJWCDAY-UHFFFAOYSA-N	InChI=1S/At2/c1-2	[At][At]	"{""At"": 2, ""e-"": 170}"	0
ZOCHARZZJNPSEU-UHFFFAOYSA-N	InChI=1S/B2/c1-2	B#B	"{""B"": 2, ""e-"": 10}"	0
JKLOYUWGBHSXTM-UHFFFAOYSA-N	InChI=1S/B2/c1-2/q+4	[B+2][B+2]	"{""B"": 2, ""e-"": 6}"	4
LTDXHAFASXANOM-UHFFFAOYSA-N	InChI=1S/Br2/c1-2/q-1	Br[Br-]	"{""Br"": 2, ""e-"": 71}"	-1
GDTBXPJZTBHREO-UHFFFAOYSA-N	InChI=1S/Br2/c1-2	BrBr	"{""Br"": 2, ""e-"": 70}"	0
YZABTPRDHYVJNU-UHFFFAOYSA-N	InChI=1S/Br2/c1-2/q+1	Br[Br+]	"{""Br"": 2, ""e-"": 69}"	1
LBVWYGNGGJURHQ-UHFFFAOYSA-N	InChI=1S/C2/c1-2	[C+]#[C-]	"{""C"": 2, ""e-"": 12}"	0
ADIRGMFQWJHVBM-UHFFFAOYSA-N	InChI=1S/C2/c1-2/q+1	[C]#[C+]	"{""C"": 2, ""e-"": 11}"	1
CGCDOKHAYHELEG-UHFFFAOYSA-N	InChI=1S/Cl2/c1-2/q-1	Cl[Cl-]	"{""Cl"": 2, ""e-"": 35}"	-1
KZBUYRJDOAKODT-UHFFFAOYSA-N	InChI=1S/Cl2/c1-2	ClCl	"{""Cl"": 2, ""e-"": 34}"	0
IPYDCMMBWLZPDH-UHFFFAOYSA-N	InChI=1S/Cl2/c1-2/q+1	Cl[Cl+]	"{""Cl"": 2, ""e-"": 33}"	1
KVOOTFCSKAFKLT-UHFFFAOYSA-N	InChI=1S/F2/c1-2/q-1	FF	"{""F"": 2, ""e-"": 18}"	0
PXGOKWXKJXAPGV-UHFFFAOYSA-N	InChI=1S/F2/c1-2	FF	"{""F"": 2, ""e-"": 18}"	0
PCZTVBPMAMPCIP-UHFFFAOYSA-N	InChI=1S/F2/c1-2/q+1	[F+]F	"{""F"": 2, ""e-"": 17}"	1
TUONMHFMKUTRCM-UHFFFAOYSA-N	InChI=1S/He2/c1-2/q-1	[He-][He]	"{""He"": 2, ""e-"": 5}"	-1
GHVQTHCLRQIINU-UHFFFAOYSA-N	InChI=1S/He2/c1-2	[He][He]	"{""He"": 2, ""e-"": 4}"	0
ZAJTYDXIUNGESO-UHFFFAOYSA-N	InChI=1S/He2/c1-2/q+1	[He][He+]	"{""He"": 2, ""e-"": 3}"	1
POSAACOWGKHSJD-UHFFFAOYSA-N	InChI=1S/He2/c1-2/q+2	[He+][He+]	"{""He"": 2, ""e-"": 2}"	2
UFBYUGJUYILLQW-UHFFFAOYSA-N	InChI=1S/I2/c1-2/q-1	I[I-]	"{""I"": 2, ""e-"": 107}"	-1
GWDXVHOURQOCIJ-UHFFFAOYSA-N	InChI=1S/I2/c1-2/q+1	I[I+]	"{""I"": 2, ""e-"": 105}"	1
OCLMUTJUZGFVFC-UHFFFAOYSA-N	InChI=1S/N2/c1-2/q+1	N#[N+]	"{""N"": 2, ""e-"": 13}"	1
UYFKRGCHLWERIB-UHFFFAOYSA-N	InChI=1S/N2/c1-2/q+2	N#[N+2]	"{""N"": 2, ""e-"": 12}"	2
KMHJKRGRIJONSV-UHFFFAOYSA-N	InChI=1S/O2/c1-2/q+1	[O+]=O	"{""O"": 2, ""e-"": 15}"	1
NIWXMCONPJOXBL-UHFFFAOYSA-N	InChI=1S/O2/c1-2/q+2	[O+]#[O+]	"{""O"": 2, ""e-"": 14}"	2
CYXBLQSKEWOSAS-UHFFFAOYSA-N	InChI=1S/P2/c1-2/q-2	[P-]=[P-]	"{""P"": 2, ""e-"": 32}"	-2
FOBPTJZYDGNHLR-UHFFFAOYSA-N	InChI=1S/P2/c1-2	P#P	"{""P"": 2, ""e-"": 30}"	0
XIMIGUBYDJDCKI-UHFFFAOYSA-N	InChI=1S/Se2/c1-2	[Se]=[Se]	"{""Se"": 2, ""e-"": 68}"	0
KXNSUPCHCORXIU-UHFFFAOYSA-N	InChI=1S/Si2/c1-2/q-2	[Si-]#[Si-]	"{""Si"": 2, ""e-"": 30}"	-2
NTQGILPNLZZOJH-UHFFFAOYSA-N	InChI=1S/Si2/c1-2	[Si]#[Si]	"{""Si"": 2, ""e-"": 28}"	0
MEMLCQNRJARANC-UHFFFAOYSA-N	InChI=1S/Si2/c1-2/q+1	[Si]#[Si+]	"{""Si"": 2, ""e-"": 27}"	1
MAHNFPMIPQKPPI-UHFFFAOYSA-N	InChI=1S/S2/c1-2	S=S	"{""S"": 2, ""e-"": 32}"	0
YUWMVWRPXKPVMW-UHFFFAOYSA-N	InChI=1S/S2/c1-2/q+1	S=[S+]	"{""S"": 2, ""e-"": 31}"	1
YLCRMYZWTMTCKR-UHFFFAOYSA-N	InChI=1S/B12/c1-2-3(1)5(1)6(1)4(1,2)8(2)7(2,3)9(3,5)11(5,6)10(4,6,8)12(7,8,9)11/q-2	[B]1234[B]567[B]891[B]1%102[B]2%113[B]345[B]456[B]678[B]784[B]12([B-]9%1067)[B-]%11358	"{""B"": 12, ""e-"": 62}"	-2
IETQMFJBTNNARX-UHFFFAOYSA-N	InChI=1S/B12/c1-2-3(1)5(1)6(1)4(1,2)8(2)7(2,3)9(3,5)11(5,6)10(4,6,8)12(7,8,9)11	[B]1234[B]567[B]891[B]1%102[B]2%113[B]345[B]456[B]678[B]791[B]1%102[B]%1134[B]5671	"{""B"": 12, ""e-"": 60}"	0
PUKKTGLVJQVIOF-UHFFFAOYSA-N	InChI=1S/Db	[Db]	"{""Db"": 1, ""e-"": 105}"	0
KBQHZAAAGSGFKK-UHFFFAOYSA-N	InChI=1S/Dy	[Dy]	"{""Dy"": 1, ""e-"": 66}"	0
CKBRQZNRCSJHFT-UHFFFAOYSA-N	InChI=1S/Es	[Es]	"{""Es"": 1, ""e-"": 99}"	0
UYAHIZSMUZPPFV-UHFFFAOYSA-N	InChI=1S/Er	[Er]	"{""Er"": 1, ""e-"": 68}"	0
WABPQHHGFIMREM-UHFFFAOYSA-N	InChI=1S/Pb	[Pb]	"{""Pb"": 1, ""e-"": 82}"	0
OGPBJKLSAFTDLK-UHFFFAOYSA-N	InChI=1S/Eu	[Eu]	"{""Eu"": 1, ""e-"": 63}"	0
MGVUQZZTJGLWJV-UHFFFAOYSA-N	InChI=1S/Eu/q+2	[Eu+2]	"{""Eu"": 1, ""e-"": 61}"	2
LNBHUCHAFZUEGJ-UHFFFAOYSA-N	InChI=1S/Eu/q+3	[Eu+3]	"{""Eu"": 1, ""e-"": 60}"	3
SGGMZBKLQLBBLK-UHFFFAOYSA-N	InChI=1S/Fe/q+4	[Fe+4]	"{""Fe"": 1, ""e-"": 22}"	4
MIORUQGGZCBUGO-UHFFFAOYSA-N	InChI=1S/Fm	[Fm]	"{""Fm"": 1, ""e-"": 100}"	0
LMHDQOWNISVSPD-UHFFFAOYSA-N	InChI=1S/F/q+1	[F+]	"{""F"": 1, ""e-"": 8}"	1
IZUSFFYFNBTCET-UHFFFAOYSA-N	InChI=1S/Fr/q-1	[Fr-]	"{""Fr"": 1, ""e-"": 88}"	-1
KLMCZVJOEAUDNE-UHFFFAOYSA-N	InChI=1S/Fr	[Fr]	"{""Fr"": 1, ""e-"": 87}"	0
OCABHVDKBUNYTK-UHFFFAOYSA-N	InChI=1S/Fr/q+1	[Fr+]	"{""Fr"": 1, ""e-"": 86}"	1
UIWYJDYFSGRHKR-UHFFFAOYSA-N	InChI=1S/Gd	[Gd]	"{""Gd"": 1, ""e-"": 64}"	0
UVTDZAPQOTUWGV-UHFFFAOYSA-N	InChI=1S/Gd/q+2	[Gd+2]	"{""Gd"": 1, ""e-"": 62}"	2
RJOJUSXNYCILHH-UHFFFAOYSA-N	InChI=1S/Gd/q+3	[Gd+3]	"{""Gd"": 1, ""e-"": 61}"	3
MDDDNPCQBBECJG-UHFFFAOYSA-N	InChI=1S/Gd/q+4	[Gd+4]	"{""Gd"": 1, ""e-"": 60}"	4
GYHNNYVSQQEPJS-UHFFFAOYSA-N	InChI=1S/Ga	[Ga]	"{""Ga"": 1, ""e-"": 31}"	0
GNPVGFCGXDBREM-UHFFFAOYSA-N	InChI=1S/Ge	[Ge]	"{""Ge"": 1, ""e-"": 32}"	0
IMJFOQOIQKIVNJ-UHFFFAOYSA-N	InChI=1S/Ge/q+2	[Ge+2]	"{""Ge"": 1, ""e-"": 30}"	2
CULSIAXQVSZNSV-UHFFFAOYSA-N	InChI=1S/Ge/q+4	[Ge+4]	"{""Ge"": 1, ""e-"": 28}"	4
PCHJSUWPFVWCPO-UHFFFAOYSA-N	InChI=1S/Au	[Au]	"{""Au"": 1, ""e-"": 79}"	0
CBMIPXHVOVTTTL-UHFFFAOYSA-N	InChI=1S/Au/q+3	[Au+3]	"{""Au"": 1, ""e-"": 76}"	3
VBJZVLUMGGDVMO-UHFFFAOYSA-N	InChI=1S/Hf	[Hf]	"{""Hf"": 1, ""e-"": 72}"	0
OBDWMWVOVYJOMI-UHFFFAOYSA-N	InChI=1S/Hs	[Hs]	"{""Hs"": 1, ""e-"": 108}"	0
QLNXTEZOQCZJBA-UHFFFAOYSA-N	InChI=1S/He/q+1	[He+]	"{""He"": 1, ""e-"": 1}"	1
XZUYXDVVUGOENK-AATRIKPKSA-N	InChI=1S/N6/c1-3-5-6-4-2/q-1/b6-5+	[N]=N/N=N/N=[N-]	"{""N"": 6, ""e-"": 43}"	-1
YRBKSJIXFZPPGF-UHFFFAOYSA-N	InChI=1S/N6/c1-2-4-6-5-3-1	n1nnnnn1	"{""N"": 6, ""e-"": 42}"	0
KJZYNXUDTRRSPN-UHFFFAOYSA-N	InChI=1S/Ho	[Ho]	"{""Ho"": 1, ""e-"": 67}"	0
SCKNFLZJSOHWIV-UHFFFAOYSA-N	InChI=1S/Ho/q+3	[Ho+3]	"{""Ho"": 1, ""e-"": 64}"	3
APFVFJFRJDLVQX-UHFFFAOYSA-N	InChI=1S/In	[In]	"{""In"": 1, ""e-"": 49}"	0
PIPQOOWEMLRYEJ-UHFFFAOYSA-N	InChI=1S/In/q+1	[In+]	"{""In"": 1, ""e-"": 48}"	1
RJMMFJHMVBOLGY-UHFFFAOYSA-N	InChI=1S/In/q+3	[In+3]	"{""In"": 1, ""e-"": 46}"	3
OCVXZQOKBHXGRU-UHFFFAOYSA-N	InChI=1S/I/q+1	[I+]	"{""I"": 1, ""e-"": 52}"	1
GKOZUEZYRPOHIO-UHFFFAOYSA-N	InChI=1S/Ir	[Ir]	"{""Ir"": 1, ""e-"": 77}"	0
GUCVJGMIXFAOAE-UHFFFAOYSA-N	InChI=1S/Nb	[Nb]	"{""Nb"": 1, ""e-"": 41}"	0
TWXTWZIUMCFMSG-UHFFFAOYSA-N	InChI=1S/N/q-3	[N-3]	"{""N"": 1, ""e-"": 10}"	-3
CRBLVWQHDVTIJD-UHFFFAOYSA-N	InChI=1S/Kr/q+1	[Kr+]	"{""Kr"": 1, ""e-"": 35}"	1
DNNSSWSSYDEUBZ-UHFFFAOYSA-N	InChI=1S/Kr	[Kr]	"{""Kr"": 1, ""e-"": 36}"	0
FZLIPJUXYLNCLC-UHFFFAOYSA-N	InChI=1S/La	[La]	"{""La"": 1, ""e-"": 57}"	0
QPRFPZGRQQKMEX-UHFFFAOYSA-N	InChI=1S/La/q+2	[La+2]	"{""La"": 1, ""e-"": 55}"	2
CZMAIROVPAYCMU-UHFFFAOYSA-N	InChI=1S/La/q+3	[La+3]	"{""La"": 1, ""e-"": 54}"	3
CNQCVBJFEGMYDW-UHFFFAOYSA-N	InChI=1S/Lr	[Lr]	"{""Lr"": 1, ""e-"": 103}"	0
TYDJWWAXVOMTQR-UHFFFAOYSA-N	InChI=1S/Pb/q+4	[Pb+4]	"{""Pb"": 1, ""e-"": 78}"	4
WHXSMMKQMYFTQS-UHFFFAOYSA-N	InChI=1S/Li	[Li]	"{""Li"": 1, ""e-"": 3}"	0
OHSVLFRHMCKCQY-UHFFFAOYSA-N	InChI=1S/Lu	[Lu]	"{""Lu"": 1, ""e-"": 71}"	0
PSDMOPINLDTFSZ-UHFFFAOYSA-N	InChI=1S/Lu/q+3	[Lu+3]	"{""Lu"": 1, ""e-"": 68}"	3
FYYHWMGAXLPEAU-UHFFFAOYSA-N	InChI=1S/Mg	[Mg]	"{""Mg"": 1, ""e-"": 12}"	0
XYAGEBWLYIDCRX-UHFFFAOYSA-N	InChI=1S/Mg/q+1	[Mg+]	"{""Mg"": 1, ""e-"": 11}"	1
YZTQKMVBEGUONQ-UHFFFAOYSA-N	InChI=1S/Mn/q+4	[Mn+4]	"{""Mn"": 1, ""e-"": 21}"	4
XAKRLAGTRUNQIA-UHFFFAOYSA-N	InChI=1S/Mn/q-1	[Mn-]	"{""Mn"": 1, ""e-"": 26}"	-1
VAJSJTKWMRUWBF-UHFFFAOYSA-N	InChI=1S/Mt	[Mt]	"{""Mt"": 1, ""e-"": 109}"	0
MQVSLOYRCXQRPM-UHFFFAOYSA-N	InChI=1S/Md	[Md]	"{""Md"": 1, ""e-"": 101}"	0
HCNGUXXTNNIKCQ-UHFFFAOYSA-N	InChI=1S/Mo/q+6	[Mo+6]	"{""Mo"": 1, ""e-"": 36}"	6
ZIKKVZAYJJZBGE-UHFFFAOYSA-N	InChI=1S/Mo/q+4	[Mo+4]	"{""Mo"": 1, ""e-"": 38}"	4
UMOJXGMTIHBUTN-UHFFFAOYSA-N	InChI=1S/Mo/q+5	[Mo+5]	"{""Mo"": 1, ""e-"": 37}"	5
NINIDFKCEFEMDL-UHFFFAOYSA-N	InChI=1S/S	[S]	"{""S"": 1, ""e-"": 16}"	0
GVGHZEYNQYAORP-UHFFFAOYSA-N	InChI=1S/Na/q-1	[Na-]	"{""Na"": 1, ""e-"": 12}"	-1
QEFYFXOXNSNQGX-UHFFFAOYSA-N	InChI=1S/Nd	[Nd]	"{""Nd"": 1, ""e-"": 60}"	0
GKAOGPIIYCISHV-UHFFFAOYSA-N	InChI=1S/Ne	[Ne]	"{""Ne"": 1, ""e-"": 10}"	0
LANGVOCUTJKVFC-UHFFFAOYSA-N	InChI=1S/Ne/q+1	[Ne+]	"{""Ne"": 1, ""e-"": 9}"	1
LFNLGNPSGWYGGD-UHFFFAOYSA-N	InChI=1S/Np	[Np]	"{""Np"": 1, ""e-"": 93}"	0
YWMAPNNZOCSAPF-UHFFFAOYSA-N	InChI=1S/Ni/q+1	[Ni+]	"{""Ni"": 1, ""e-"": 27}"	1
JDRCAGKFDGHRNQ-UHFFFAOYSA-N	InChI=1S/Ni/q+3	[Ni+3]	"{""Ni"": 1, ""e-"": 25}"	3
QUWPZPLTANKXAM-UHFFFAOYSA-N	InChI=1S/Nb/q+5	[Nb+5]	"{""Nb"": 1, ""e-"": 36}"	5
QJGQUHMNIGDVPM-UHFFFAOYSA-N	InChI=1S/N	[N]	"{""N"": 1, ""e-"": 7}"	0
DELRCXTYJVVNEW-UHFFFAOYSA-N	InChI=1S/N/q+1	[N+]	"{""N"": 1, ""e-"": 6}"	1
ORQBXQOJMQIAOY-UHFFFAOYSA-N	InChI=1S/No	[No]	"{""No"": 1, ""e-"": 102}"	0
QJOUINPVAACZEN-UHFFFAOYSA-N	InChI=1S/B80/c1-2-5-11-7-3(1,61(1,2,5,7)11)9-10-4(1)8-12-6(2,62(1,2,4,8)12)16-15(5)25-29-19(11,65(5,11,15,25)29)23-13(7)21-17(9,63(3,7,9,13)21)27-28-18(10,67(9,10,17,27)28)22-14(8,64(4,8,10,18)22)24-20(12)30-26(16,66(6,12,16,20)30)36-35(25,70(15,16,25,26)36)45-39(29)43-33(23,71(19,23,29,39)43)41-31(21,68(13,21,23,33)41)37(27)47-48-38(28,73(27,28,37,47)48)32(22)42-34(24,69(14,22,24,32)42)44-40(30,72(20,24,30,34)44)46(36)56-55(45,76(35,36,45,46)56)57-51(43,77(39,43,45,55)57)49(41)53(47,74(31,37,41,47)49)59-54(48)50(42,75(32,38,42,48)54)52(44)58(56,78(40,44,46,52)56)60(57,59,79(49,51,53,57)59)80(50,52,54,58)59	[B]1234[B]567[B]89%10[B]%11%12%13[B]%14%15%16[B]%17%181[B]1%19%20[B]%21%22%23[B]%24%252[B]2%26%27[B]%28%29%30[B]%315([B]5%32%33[B]%34%358[B]8%36%37[B]%38%39%40[B]%41%11([B]%11%42%43[B]%44%45%14[B]%14%46%47[B]%48%491[B]1%50%51[B]%52%53%54[B]%55%21([B]%21%56%57[B]%58%592[B]2%60%61[B]%62%63%28[B]%28%64%65[B]%665([B]5%67%68[B]%698([B]8%70%71[B]%72%73%38[B]%38%74%75[B]%76%11([B]%11%77%78[B]%79%14([B]%14%801[B]1%81%82[B]%83%84%85[B]%86%52([B]%52%87%21[B]%21%88%89[B]%902([B]2%91%92[B]%93%28([B]%28%945[B]5%95%96[B]%978([B]8%98%99[B]%(100)%38([B]%38%(101)%11[B]%111([B]1%(102)%(103)9[B]9%(104)%17%83[B]%17%21([B]%21%2429[B]295[B]81([B]%98%(100)%38%11%(102))[B]%(103)%(104)%17%212[B]%91%93%28%959[B]%22%26%55%57%59)[B]%84%86%52%88([B]%15%20%45%47%49)[B]47%13%16%18)[B]%77%79%14%81%(101))[B]%70%72%74%97%99)[B]%67%69%71%94%96)[B]%60%62%64%90%92)[B]%56%58%61%87%89)[B]%50%53%80%82%85)[B]%42%44%46%76%78)[B]%39%41%43%73%75)[B]%32%34%36%66%68)[B]%29%31%33%63%65)[B]%19%23%48%51%54)[B]%10%12%35%37%40)[B]36%25%27%30	"{""B"": 80, ""e-"": 400}"	0
JLVVSXFLKOJNIY-UHFFFAOYSA-N	InChI=1S/Mg/q+2	[Mg+2]	"{""Mg"": 1, ""e-"": 10}"	2
SYQBFIAQOQZEGI-UHFFFAOYSA-N	InChI=1S/Os	[Os]	"{""Os"": 1, ""e-"": 76}"	0
MQZFZDIZKWNWFX-UHFFFAOYSA-N	InChI=1S/Os/q+2	[Os+2]	"{""Os"": 1, ""e-"": 74}"	2
XQBKHDFIPARBOX-UHFFFAOYSA-N	InChI=1S/Os/q+3	[Os+3]	"{""Os"": 1, ""e-"": 73}"	3
OQURWADGXKZUIH-UHFFFAOYSA-N	InChI=1S/Os/q+4	[Os+4]	"{""Os"": 1, ""e-"": 72}"	4
KDLHZDBZIXYQEI-UHFFFAOYSA-N	InChI=1S/Pd	[Pd]	"{""Pd"": 1, ""e-"": 46}"	0
DOSGOCSVHPUUIA-UHFFFAOYSA-N	InChI=1S/Sm/q+3	[Sm+3]	"{""Sm"": 1, ""e-"": 59}"	3
MJOXZELXZLIYPI-UHFFFAOYSA-N	InChI=1S/Ti/q+2	[Ti+2]	"{""Ti"": 1, ""e-"": 20}"	2
CMWCOKOTCLFJOP-UHFFFAOYSA-N	InChI=1S/Ti/q+3	[Ti+3]	"{""Ti"": 1, ""e-"": 19}"	3
MUJIDPITZJWBSW-UHFFFAOYSA-N	InChI=1S/Pd/q+2	[Pd+2]	"{""Pd"": 1, ""e-"": 44}"	2
SWQJXJOGLNCZEY-UHFFFAOYSA-N	InChI=1S/He	[He]	"{""He"": 1, ""e-"": 2}"	0
FFZANLXOAFSSGC-UHFFFAOYSA-N	InChI=1S/P/q-1	[P-]	"{""P"": 1, ""e-"": 16}"	-1
SUHKCRJAAHZROE-UHFFFAOYSA-N	InChI=1S/Se/q-1	[Se-]	"{""Se"": 1, ""e-"": 35}"	-1
KPAKJCZNXLKDNP-UHFFFAOYSA-N	InChI=1S/Te/q-1	[Te-]	"{""Te"": 1, ""e-"": 53}"	-1
UGFAIRIUMAVXCW-UHFFFAOYSA-N	InChI=1S/CO/c1-2	[C-]#[O+]	"{""C"": 1, ""O"": 1, ""e-"": 14}"	0
XEEYBQQBJWHFJM-UHFFFAOYSA-N	InChI=1S/Fe	[Fe]	"{""Fe"": 1, ""e-"": 26}"	0
CWYNVVGOOAEACU-UHFFFAOYSA-N	InChI=1S/Fe/q+2	[Fe+2]	"{""Fe"": 1, ""e-"": 24}"	2
VTLYFUHAOXGGBS-UHFFFAOYSA-N	InChI=1S/Fe/q+3	[Fe+3]	"{""Fe"": 1, ""e-"": 23}"	3
IVRMZWNICZWHMI-UHFFFAOYSA-N	InChI=1S/N3/c1-3-2/q-1	[N-]=[N+]=[N-]	"{""N"": 3, ""e-"": 22}"	-1
FOIXSVOLVBLSDH-UHFFFAOYSA-N	InChI=1S/Ag/q+1	[Ag+]	"{""Ag"": 1, ""e-"": 46}"	1
BQCADISMDOOEFD-UHFFFAOYSA-N	InChI=1S/Ag	[Ag]	"{""Ag"": 1, ""e-"": 47}"	0
UXMOGIXOTMNDOH-UHFFFAOYSA-N	InChI=1S/N2/c1-2/q-4	[N-2][N-2]	"{""N"": 2, ""e-"": 18}"	-4
HCHKCACWOHOZIP-UHFFFAOYSA-N	InChI=1S/Zn	[Zn]	"{""Zn"": 1, ""e-"": 30}"	0
PTFCDOFLOPIGGS-UHFFFAOYSA-N	InChI=1S/Zn/q+2	[Zn+2]	"{""Zn"": 1, ""e-"": 28}"	2
XAGFODPZIPBFFR-UHFFFAOYSA-N	InChI=1S/Al	[Al]	"{""Al"": 1, ""e-"": 13}"	0
REDXJYDRNCIFBQ-UHFFFAOYSA-N	InChI=1S/Al/q+3	[Al+3]	"{""Al"": 1, ""e-"": 10}"	3
JDIBGQFKXXXXPN-UHFFFAOYSA-N	InChI=1S/Bi/q+3	[Bi+3]	"{""Bi"": 1, ""e-"": 80}"	3
QVGXLLKOCUKJST-UHFFFAOYSA-N	InChI=1S/O	[O]	"{""O"": 1, ""e-"": 8}"	0
ATJFFYVFTNAWJD-UHFFFAOYSA-N	InChI=1S/Sn	[Sn]	"{""Sn"": 1, ""e-"": 50}"	0
IUTCEZPPWBHGIX-UHFFFAOYSA-N	InChI=1S/Sn/q+2	[Sn+2]	"{""Sn"": 1, ""e-"": 48}"	2
UCKMPCXJQFINFW-UHFFFAOYSA-N	InChI=1S/S/q-2	[S-2]	"{""S"": 1, ""e-"": 18}"	-2
RYGMFSIKBFXOCR-UHFFFAOYSA-N	InChI=1S/Cu	[Cu]	"{""Cu"": 1, ""e-"": 29}"	0
JPVYNHNXODAKFH-UHFFFAOYSA-N	InChI=1S/Cu/q+2	[Cu+2]	"{""Cu"": 1, ""e-"": 27}"	2
PXHVJJICTQNCMI-UHFFFAOYSA-N	InChI=1S/Ni	[Ni]	"{""Ni"": 1, ""e-"": 28}"	0
VEQPNABPJHWNSG-UHFFFAOYSA-N	InChI=1S/Ni/q+2	[Ni+2]	"{""Ni"": 1, ""e-"": 26}"	2
YZCKVEUIGOORGS-UHFFFAOYSA-N	InChI=1S/H	[H]	"{""H"": 1, ""e-"": 1}"	0
UFHFLCQGNIYNRP-UHFFFAOYSA-N	InChI=1S/H2/h1H	[H][H]	"{""H"": 2, ""e-"": 2}"	0
ANAIPYUSIMHBEL-UHFFFAOYSA-N	InChI=1S/O2/c1-2/q-2	[O-][O-]	"{""O"": 2, ""e-"": 18}"	-2
BDOSMKKIYDKNTQ-UHFFFAOYSA-N	InChI=1S/Cd	[Cd]	"{""Cd"": 1, ""e-"": 48}"	0
WLZRMCYVCSSEQC-UHFFFAOYSA-N	InChI=1S/Cd/q+2	[Cd+2]	"{""Cd"": 1, ""e-"": 46}"	2
VMQMZMRVKUZKQL-UHFFFAOYSA-N	InChI=1S/Cu/q+1	[Cu+]	"{""Cu"": 1, ""e-"": 28}"	1
MYMOFIZGZYHOMD-UHFFFAOYSA-N	InChI=1S/O2/c1-2	[O][O]	"{""O"": 2, ""e-"": 16}"	0
PVBJMPGOALGYQS-UHFFFAOYSA-N	InChI=1S/As/q-3	[As-3]	"{""As"": 1, ""e-"": 36}"	-3
HAYXDMNJJFVXCI-UHFFFAOYSA-N	InChI=1S/As/q+5	[As+5]	"{""As"": 1, ""e-"": 28}"	5
RYXHOMYVWAEKHL-UHFFFAOYSA-N	InChI=1S/At	[At]	"{""At"": 1, ""e-"": 85}"	0
WKBOTKDWSSQWDR-UHFFFAOYSA-N	InChI=1S/Br	[Br]	"{""Br"": 1, ""e-"": 35}"	0
ZAMOUSCENKQFHK-UHFFFAOYSA-N	InChI=1S/Cl	[Cl]	"{""Cl"": 1, ""e-"": 17}"	0
GSQBFINVLXKPNU-UHFFFAOYSA-N	InChI=1S/P2/c1-2/q+1	P#[P+]	"{""P"": 2, ""e-"": 29}"	1
NDHYILTXGGVEAB-UHFFFAOYSA-N	InChI=1S/P2/c1-2/q-1	[P]=[P-]	"{""P"": 2, ""e-"": 31}"	-1
LWVRJZXYUQBNHW-UHFFFAOYSA-N	InChI=1S/S2/c1-2/q-2	[S-][S-]	"{""S"": 2, ""e-"": 34}"	-2
SUNFGZRUFCAYCR-UHFFFAOYSA-N	InChI=1S/O/q-1	[O-]	"{""O"": 1, ""e-"": 9}"	-1
XHWLRFQJZNQFGO-UHFFFAOYSA-N	InChI=1S/C2/c1-2/q-1	[C]#[C-]	"{""C"": 2, ""e-"": 13}"	-1
ZOKXTWBITQBERF-UHFFFAOYSA-N	InChI=1S/Mo	[Mo]	"{""Mo"": 1, ""e-"": 42}"	0
MMVYPOCJESWGTC-UHFFFAOYSA-N	InChI=1S/Mo/q+2	[Mo+2]	"{""Mo"": 1, ""e-"": 40}"	2
YCKRFDGAMUMZLT-UHFFFAOYSA-N	InChI=1S/F	[F]	"{""F"": 1, ""e-"": 9}"	0
JDUHXLSMNANTJB-UHFFFAOYSA-N	InChI=1S/Ge/q-4	[Ge-4]	"{""Ge"": 1, ""e-"": 36}"	-4
SBLSYFIUPXRQRY-UHFFFAOYSA-N	InChI=1S/Al/q-1	[Al-]	"{""Al"": 1, ""e-"": 14}"	-1
XGLYHUVZMIRFNT-UHFFFAOYSA-N	InChI=1S/B/q-1	[B-]	"{""B"": 1, ""e-"": 6}"	-1
RTNCBHBYULLTCL-UHFFFAOYSA-N	InChI=1S/C/q-1	[C-]	"{""C"": 1, ""e-"": 7}"	-1
HJELPJZFDFLHEY-UHFFFAOYSA-N	InChI=1S/Si/q-1	[Si-]	"{""Si"": 1, ""e-"": 15}"	-1
VDAZFUUMKCQRLN-UHFFFAOYSA-N	InChI=1S/At/q-1	[At-]	"{""At"": 1, ""e-"": 86}"	-1
ZCYVEMRRCGMTRW-UHFFFAOYSA-N	InChI=1S/I	[I]	"{""I"": 1, ""e-"": 53}"	0
RVPVRDXYQKGNMQ-UHFFFAOYSA-N	InChI=1S/Pb/q+2	[Pb+2]	"{""Pb"": 1, ""e-"": 80}"	2
VSRVKRSRQFOUEF-UHFFFAOYSA-N	InChI=1S/Li/q-1	[Li-]	"{""Li"": 1, ""e-"": 4}"	-1
CBENFWSGALASAD-UHFFFAOYSA-N	InChI=1S/O3/c1-3-2	[O-][O+]=O	"{""O"": 3, ""e-"": 24}"	0
MDUNCNLRRKCJGZ-UHFFFAOYSA-N	InChI=1S/C/q-4	[C-4]	"{""C"": 1, ""e-"": 10}"	-4
IJGRMHOSHXDMSA-UHFFFAOYSA-N	InChI=1S/N2/c1-2	N#N	"{""N"": 2, ""e-"": 14}"	0
OAICVXFJPJFONN-UHFFFAOYSA-N	InChI=1S/P	[P]	"{""P"": 1, ""e-"": 15}"	0
FZTWZIMSKAGPSB-UHFFFAOYSA-N	InChI=1S/P/q-3	[P-3]	"{""P"": 1, ""e-"": 18}"	-3
BZZJUZUZJRQHLZ-UHFFFAOYSA-N	InChI=1S/N2/c1-2/q-2	[N-]=[N-]	"{""N"": 2, ""e-"": 16}"	-2
BUGBHKTXTAQXES-UHFFFAOYSA-N	InChI=1S/Se	[Se]	"{""Se"": 1, ""e-"": 34}"	0
MFSBVGSNNPNWMD-UHFFFAOYSA-N	InChI=1S/Se/q+2	[Se+2]	"{""Se"": 1, ""e-"": 32}"	2
UWWOIRWVTCLRBA-UHFFFAOYSA-N	InChI=1S/K/q-1	[K-]	"{""K"": 1, ""e-"": 20}"	-1
ZDINGUUTWDGGFF-UHFFFAOYSA-N	InChI=1S/Sb/q+5	[Sb+5]	"{""Sb"": 1, ""e-"": 46}"	5
FVBUAEGBCNSCDD-UHFFFAOYSA-N	InChI=1S/Si/q-4	[Si-4]	"{""Si"": 1, ""e-"": 18}"	-4
ARNUDCKQSCEIEX-UHFFFAOYSA-N	InChI=1S/S/q-1	[S-]	"{""S"": 1, ""e-"": 17}"	-1
XSOKHXFFCGXDJZ-UHFFFAOYSA-N	InChI=1S/Te/q-2	[Te-2]	"{""Te"": 1, ""e-"": 54}"	-2
HMUBNCUQSSTAIB-UHFFFAOYSA-N	InChI=1S/Se/q-2	[Se-2]	"{""Se"": 1, ""e-"": 36}"	-2
GPWDPLKISXZVIE-UHFFFAOYSA-N	InChI=1S/C18/c1-2-4-6-8-10-12-14-16-18-17-15-13-11-9-7-5-3-1	C1#CC#CC#CC#CC#CC#CC#CC#CC#C1	"{""C"": 18, ""e-"": 108}"	0
FTFMSLKBXSATDG-UHFFFAOYSA-N	InChI=1S/P/q+1	[P+]	"{""P"": 1, ""e-"": 14}"	1
BASFCYQUMIYNBI-UHFFFAOYSA-N	InChI=1S/Pt	[Pt]	"{""Pt"": 1, ""e-"": 78}"	0
HRGDZIGMBDGFTC-UHFFFAOYSA-N	InChI=1S/Pt/q+2	[Pt+2]	"{""Pt"": 1, ""e-"": 76}"	2
FTDZDYKQOAOCRU-UHFFFAOYSA-N	InChI=1S/Pt/q+3	[Pt+3]	"{""Pt"": 1, ""e-"": 75}"	3
NDBYXKQCPYUOMI-UHFFFAOYSA-N	InChI=1S/Pt/q+4	[Pt+4]	"{""Pt"": 1, ""e-"": 74}"	4
OYEHPCDNVJXUIW-UHFFFAOYSA-N	InChI=1S/Pu	[Pu]	"{""Pu"": 1, ""e-"": 94}"	0
HZEBHPIOVYHPMT-UHFFFAOYSA-N	InChI=1S/Po	[Po]	"{""Po"": 1, ""e-"": 84}"	0
ZLMJMSJWJFRBEC-UHFFFAOYSA-N	InChI=1S/K	[K]	"{""K"": 1, ""e-"": 19}"	0
PUDIUYLPXJFUGB-UHFFFAOYSA-N	InChI=1S/Pr	[Pr]	"{""Pr"": 1, ""e-"": 59}"	0
VQMWBBYLQSCNPO-UHFFFAOYSA-N	InChI=1S/Pm	[Pm]	"{""Pm"": 1, ""e-"": 61}"	0
XLROVYAPLOFLNU-UHFFFAOYSA-N	InChI=1S/Pa	[Pa]	"{""Pa"": 1, ""e-"": 91}"	0
HCWPIIXVSYCSAN-UHFFFAOYSA-N	InChI=1S/Ra	[Ra]	"{""Ra"": 1, ""e-"": 88}"	0
SYUHGPGVQRZVTB-UHFFFAOYSA-N	InChI=1S/Rn	[Rn]	"{""Rn"": 1, ""e-"": 86}"	0
JJFSYGYNJBXNPV-UHFFFAOYSA-N	InChI=1S/Rn/q+1	[Rn+]	"{""Rn"": 1, ""e-"": 85}"	1
WUAPFZMCVAUBPE-UHFFFAOYSA-N	InChI=1S/Re	[Re]	"{""Re"": 1, ""e-"": 75}"	0
MHOVAHRLVXNVSD-UHFFFAOYSA-N	InChI=1S/Rh	[Rh]	"{""Rh"": 1, ""e-"": 45}"	0
VKTONJJWIAOTTR-UHFFFAOYSA-N	InChI=1S/Rb/q-1	[Rb-]	"{""Rb"": 1, ""e-"": 38}"	-1
IGLNJRXAVVLDKE-UHFFFAOYSA-N	InChI=1S/Rb	[Rb]	"{""Rb"": 1, ""e-"": 37}"	0
NCCSSGKUIKYAJD-UHFFFAOYSA-N	InChI=1S/Rb/q+1	[Rb+]	"{""Rb"": 1, ""e-"": 36}"	1
KJTLSVCANCCWHF-UHFFFAOYSA-N	InChI=1S/Ru	[Ru]	"{""Ru"": 1, ""e-"": 44}"	0
YAYGSLOSTXKUBW-UHFFFAOYSA-N	InChI=1S/Ru/q+2	[Ru+2]	"{""Ru"": 1, ""e-"": 42}"	2
BPEVHDGLPIIAGH-UHFFFAOYSA-N	InChI=1S/Ru/q+3	[Ru+3]	"{""Ru"": 1, ""e-"": 41}"	3
RADGOBKLTHEUQO-UHFFFAOYSA-N	InChI=1S/Ru/q+4	[Ru+4]	"{""Ru"": 1, ""e-"": 40}"	4
YGPLJIIQQIDVFJ-UHFFFAOYSA-N	InChI=1S/Rf	[Rf]	"{""Rf"": 1, ""e-"": 104}"	0
KZUNJOHGWZRPMI-UHFFFAOYSA-N	InChI=1S/Sm	[Sm]	"{""Sm"": 1, ""e-"": 62}"	0
SIXSYDAISGFNSX-UHFFFAOYSA-N	InChI=1S/Sc	[Sc]	"{""Sc"": 1, ""e-"": 21}"	0
VAOUCABZIBBBJH-UHFFFAOYSA-N	InChI=1S/Sg	[Sg]	"{""Sg"": 1, ""e-"": 106}"	0
XUIMIQQOPSSXEZ-UHFFFAOYSA-N	InChI=1S/Si	[Si]	"{""Si"": 1, ""e-"": 14}"	0
FSLGCYNKXXIWGJ-UHFFFAOYSA-N	InChI=1S/Si/q+1	[Si+]	"{""Si"": 1, ""e-"": 13}"	1
RWMKKWXZFRMVPB-UHFFFAOYSA-N	InChI=1S/Si/q+4	[Si+4]	"{""Si"": 1, ""e-"": 10}"	4
KEAYESYHFKHZAL-UHFFFAOYSA-N	InChI=1S/Na	[Na]	"{""Na"": 1, ""e-"": 11}"	0
PWYYWQHXAPXYMF-UHFFFAOYSA-N	InChI=1S/Sr/q+2	[Sr+2]	"{""Sr"": 1, ""e-"": 36}"	2
CIOAGBVUUVVLOB-UHFFFAOYSA-N	InChI=1S/Sr	[Sr]	"{""Sr"": 1, ""e-"": 38}"	0
QDEYBKUQZKVQLI-UHFFFAOYSA-N	InChI=1S/Sr/q+1	[Sr+]	"{""Sr"": 1, ""e-"": 37}"	1
NKARKLBRYYSBBM-UHFFFAOYSA-N	InChI=1S/S/q+1	[S+]	"{""S"": 1, ""e-"": 15}"	1
WTKKCYNZRWIVKL-UHFFFAOYSA-N	InChI=1S/Ta/q+5	[Ta+5]	"{""Ta"": 1, ""e-"": 68}"	5
GUVRBAGPIYLISA-UHFFFAOYSA-N	InChI=1S/Ta	[Ta]	"{""Ta"": 1, ""e-"": 73}"	0
GKLVYJBZJHMRIY-UHFFFAOYSA-N	InChI=1S/Tc	[Tc]	"{""Tc"": 1, ""e-"": 43}"	0
LHBANKJAFPUZQV-UHFFFAOYSA-N	InChI=1S/Te/q+4	[Te+4]	"{""Te"": 1, ""e-"": 48}"	4
PORWMNRCUJJQNO-UHFFFAOYSA-N	InChI=1S/Te	[Te]	"{""Te"": 1, ""e-"": 52}"	0
GZCRRIHWUXGPOV-UHFFFAOYSA-N	InChI=1S/Tb	[Tb]	"{""Tb"": 1, ""e-"": 65}"	0
HKCRVXUAKWXBLE-UHFFFAOYSA-N	InChI=1S/Tb/q+3	[Tb+3]	"{""Tb"": 1, ""e-"": 62}"	3
UYVQXFOBKTWZCW-UHFFFAOYSA-N	InChI=1S/As4/c1-2-3(1)4(1)2	[As]12[As]3[As]1[As]23	"{""As"": 4, ""e-"": 132}"	0
ZHDCJBVYMJTAMR-UHFFFAOYSA-N	InChI=1S/As4/c1-2-3(1)4(1)2/q+1	[As+]12[As]3[As]1[As]23	"{""As"": 4, ""e-"": 131}"	1
OBSZRRSYVTXPNB-UHFFFAOYSA-N	InChI=1S/P4/c1-2-3(1)4(1)2	P12P3P1P23	"{""P"": 4, ""e-"": 60}"	0
XPTMHAAYCORNKQ-UHFFFAOYSA-N	InChI=1S/P4/c1-2-3(1)4(1)2/q+1	[P+]12P3P1P23	"{""P"": 4, ""e-"": 59}"	1
DWUJRTRZNSKEEU-UHFFFAOYSA-N	InChI=1S/Si4/c1-3-4-2/q-4	[Si-2]=[Si]=[Si]=[Si-2]	"{""Si"": 4, ""e-"": 60}"	-4
IOOGPFMMGKCAGU-UHFFFAOYSA-N	InChI=1S/S4/c1-3-4-2	S=S=S=S	"{""S"": 4, ""e-"": 64}"	0
VTPMRTYPKXIHPC-UHFFFAOYSA-N	InChI=1S/S4/c1-3-4-2/q+2	S=[S+][S+]=S	"{""S"": 4, ""e-"": 62}"	2
BKVIYDNLLOSFOA-UHFFFAOYSA-N	InChI=1S/Tl	[Tl]	"{""Tl"": 1, ""e-"": 81}"	0
ZLUSCZLCHQSJRU-UHFFFAOYSA-N	InChI=1S/Tl/q+1	[Tl+]	"{""Tl"": 1, ""e-"": 80}"	1
XWVKTOHUMPLABF-UHFFFAOYSA-N	InChI=1S/Tl/q+3	[Tl+3]	"{""Tl"": 1, ""e-"": 78}"	3
ZSLUVFAKFWKJRC-UHFFFAOYSA-N	InChI=1S/Th	[Th]	"{""Th"": 1, ""e-"": 90}"	0
FRNOGLGSGLTDKL-UHFFFAOYSA-N	InChI=1S/Tm	[Tm]	"{""Tm"": 1, ""e-"": 69}"	0
LCKIEQZJEYYRIY-UHFFFAOYSA-N	InChI=1S/Ti/q+4	[Ti+4]	"{""Ti"": 1, ""e-"": 18}"	4
RTAQQCXQSZGOHL-UHFFFAOYSA-N	InChI=1S/Ti	[Ti]	"{""Ti"": 1, ""e-"": 22}"	0
QWLPJNYQVKBMAN-UHFFFAOYSA-N	InChI=1S/H3/h1H2/q+1	[H][H+][H]	"{""H"": 3, ""e-"": 2}"	1
DUAJIKVIRGATIW-UHFFFAOYSA-N	InChI=1S/N3/c1-3-2	[N]=[N+]=[N-]	"{""N"": 3, ""e-"": 21}"	0
HJOYLBCIKCATDB-UHFFFAOYSA-N	InChI=1S/S3/c1-3-2/q+2	S=[S+]#[S+]	"{""S"": 3, ""e-"": 46}"	2
YFGRPIXHCIXTLM-UHFFFAOYSA-N	InChI=1S/W/q+4	[W+4]	"{""W"": 1, ""e-"": 70}"	4
IWIACDUBSJLWEJ-UHFFFAOYSA-N	InChI=1S/W/q+5	[W+5]	"{""W"": 1, ""e-"": 69}"	5
FZFRVZDLZISPFJ-UHFFFAOYSA-N	InChI=1S/W/q+6	[W+6]	"{""W"": 1, ""e-"": 68}"	6
NOTIIDSZELDPOP-UHFFFAOYSA-N	InChI=1S/Cn	[Cn]	"{""Cn"": 1, ""e-"": 112}"	0
JFALSRSLKYAFGM-UHFFFAOYSA-N	InChI=1S/U	[U]	"{""U"": 1, ""e-"": 92}"	0
APTCBRLTBRHWIW-UHFFFAOYSA-N	InChI=1S/U/q+2	[U+2]	"{""U"": 1, ""e-"": 90}"	2
IYMWLFSZGRYBCD-UHFFFAOYSA-N	InChI=1S/U/q+3	[U+3]	"{""U"": 1, ""e-"": 89}"	3
HNVACBPOIKOMQP-UHFFFAOYSA-N	InChI=1S/U/q+4	[U+4]	"{""U"": 1, ""e-"": 88}"	4
APPUVMLQTFWVKR-UHFFFAOYSA-N	InChI=1S/U/q+5	[U+5]	"{""U"": 1, ""e-"": 87}"	5
AAORDHMTTHGXCV-UHFFFAOYSA-N	InChI=1S/U/q+6	[U+6]	"{""U"": 1, ""e-"": 86}"	6
LEONUFNNVUYDNQ-UHFFFAOYSA-N	InChI=1S/V	[V]	"{""V"": 1, ""e-"": 23}"	0
GNZKCLSXDUXHNG-UHFFFAOYSA-N	InChI=1S/V/q+1	[V+]	"{""V"": 1, ""e-"": 22}"	1
BLSRSXLJVJVBIK-UHFFFAOYSA-N	InChI=1S/V/q+2	[V+2]	"{""V"": 1, ""e-"": 21}"	2
KOKKJWHERHSKEB-UHFFFAOYSA-N	InChI=1S/V/q+3	[V+3]	"{""V"": 1, ""e-"": 20}"	3
PSDQQCXQSWHCRN-UHFFFAOYSA-N	InChI=1S/V/q+4	[V+4]	"{""V"": 1, ""e-"": 19}"	4
DIMMBYOINZRKMD-UHFFFAOYSA-N	InChI=1S/V/q+5	[V+5]	"{""V"": 1, ""e-"": 18}"	5
PBOIVMQJBOLCJX-UHFFFAOYSA-N	InChI=1S/Xe/q+1	[Xe+]	"{""Xe"": 1, ""e-"": 53}"	1
NAWDYIZEMPQZHO-UHFFFAOYSA-N	InChI=1S/Yb	[Yb]	"{""Yb"": 1, ""e-"": 70}"	0
AWSFICBXMUKWSK-UHFFFAOYSA-N	InChI=1S/Yb/q+3	[Yb+3]	"{""Yb"": 1, ""e-"": 67}"	3
VWQVUPCCIRVNHF-UHFFFAOYSA-N	InChI=1S/Y	[Y]	"{""Y"": 1, ""e-"": 39}"	0
KAJPZYFHSCFBCI-UHFFFAOYSA-N	InChI=1S/Y/q+2	[Y+2]	"{""Y"": 1, ""e-"": 37}"	2
PLSXAKJQEDOMBH-UHFFFAOYSA-N	InChI=1S/Zn/q+1	[Zn+]	"{""Zn"": 1, ""e-"": 29}"	1
UFLZNUWLGDSEQA-UHFFFAOYSA-N	InChI=1S/Zn/q-1	[Zn-]	"{""Zn"": 1, ""e-"": 31}"	-1
GBNDTYKAOXLLID-UHFFFAOYSA-N	InChI=1S/Zr/q+4	[Zr+4]	"{""Zr"": 1, ""e-"": 36}"	4
QCWXUUIWCKQGHC-UHFFFAOYSA-N	InChI=1S/Zr	[Zr]	"{""Zr"": 1, ""e-"": 40}"	0
XLJKHNWPARRRJB-UHFFFAOYSA-N	InChI=1S/Co/q+2	[Co+2]	"{""Co"": 1, ""e-"": 25}"	2
PNDPGZBMCMUPRI-UHFFFAOYSA-N	InChI=1S/I2/c1-2	II	"{""I"": 2, ""e-"": 106}"	0
NPYPAHLBTDXSSS-UHFFFAOYSA-N	InChI=1S/K/q+1	[K+]	"{""K"": 1, ""e-"": 18}"	1
LJROPTGWFUZRDB-UHFFFAOYSA-N	InChI=1S/Rg	[Rg]	"{""Rg"": 1, ""e-"": 111}"	0
